Round,Global_Accuracy,Global_F1_Macro,Global_F1_Weighted,Global_Precision,Global_Recall,Global_Loss,Avg_Client_ValAcc,Avg_Train_Loss,Total_Samples,Aggregation_Method,Aggregation_Weights,Elapsed_Sec,camera_train_loss,camera_val_acc,camera_n_samples,router_train_loss,router_val_acc,router_n_samples,sensor_train_loss,sensor_val_acc,sensor_n_samples,door_lock_train_loss,door_lock_val_acc,door_lock_n_samples,smart_lighting_train_loss,smart_lighting_val_acc,smart_lighting_n_samples
1,0.953352200644091,0.6121285505693911,0.9504972139684154,0.9513730878430255,0.953352200644091,0.2167544662952423,0.9680114030838013,0.14137298941981477,41213,Sample-Weighted FedAvg,"camera: 0.2557, router: 0.1937, sensor: 0.2088, door_lock: 0.1716, smart_lighting: 0.1701",5.79,0.12496207972857712,0.962063729763031,10540,0.14542176752005626,0.9659318923950195,7982,0.13204488386435756,0.9716542959213257,8606,0.16748470333814283,0.9666478037834167,7074,0.13695151264794014,0.9737592935562134,7011
2,0.9604762369473993,0.619769955515158,0.9583910892082488,0.9590048749067083,0.9604762369473993,0.10371492803096771,0.9735358715057373,0.08678144669621167,41213,Sample-Weighted FedAvg,"camera: 0.2557, router: 0.1937, sensor: 0.2088, door_lock: 0.1716, smart_lighting: 0.1701",5.46,0.09229265267075352,0.9681335091590881,10540,0.09737756370516147,0.968937873840332,7982,0.08914971895309871,0.9749070405960083,8606,0.08373423663655478,0.9785189628601074,7074,0.07135306151548987,0.9771819710731506,7011
3,0.9653557138674734,0.6249934441680512,0.963388596407485,0.9633565126790846,0.9653557138674734,0.0796213150024414,0.9749682545661926,0.0730670849947593,41213,Sample-Weighted FedAvg,"camera: 0.2557, router: 0.1937, sensor: 0.2088, door_lock: 0.1716, smart_lighting: 0.1701",5.7,0.0778806287604446,0.9685128927230835,10540,0.08458644382896444,0.9719439148902893,7982,0.07501911689327563,0.975836455821991,8606,0.06884597571435573,0.9790842533111572,7074,0.05900325977675603,0.9794637560844421,7011
4,0.9686737581731238,0.7190077731827343,0.9680904637494542,0.9696974263515928,0.9686737581731238,0.0671437531709671,0.9761986255645752,0.06430995851463249,41213,Sample-Weighted FedAvg,"camera: 0.2557, router: 0.1937, sensor: 0.2088, door_lock: 0.1716, smart_lighting: 0.1701",5.49,0.06875516137769146,0.9700303673744202,10540,0.07627340101650247,0.9739478826522827,7982,0.06520484835290366,0.9767658114433289,8606,0.0592590743633172,0.9802148342132568,7074,0.05205730746274769,0.9800342321395874,7011
5,0.9761881526300381,0.7756353519837519,0.9756345659650093,0.9760298086314803,0.9761881526300381,0.059230051934719086,0.9786685466766357,0.057744725023543476,41213,Sample-Weighted FedAvg,"camera: 0.2557, router: 0.1937, sensor: 0.2088, door_lock: 0.1716, smart_lighting: 0.1701",5.6,0.06359701583009969,0.9711684584617615,10540,0.0674714637699506,0.9759519100189209,7982,0.05869618400346116,0.9786245226860046,8606,0.052395100630282646,0.9875636100769043,7074,0.046563860883923266,0.9800342321395874,7011
6,0.982043524934127,0.7853637107909573,0.9810487999105347,0.9805389892994294,0.982043524934127,0.05471022427082062,0.9806017637252807,0.05346446111840806,41213,Sample-Weighted FedAvg,"camera: 0.2557, router: 0.1937, sensor: 0.2088, door_lock: 0.1716, smart_lighting: 0.1701",5.54,0.059055205071221265,0.9711684584617615,10540,0.06312040602393958,0.9774549007415771,7982,0.05380558073278253,0.9879181981086731,8606,0.04776294905126752,0.9864330291748047,7074,0.04357816471282944,0.9800342321395874,7011
7,0.9810676295501122,0.8762110542037798,0.9807260492599053,0.9816884048677239,0.9810676295501122,0.05331766605377197,0.9748404741287231,0.0478727882273723,41213,Sample-Weighted FedAvg,"camera: 0.2557, router: 0.1937, sensor: 0.2088, door_lock: 0.1716, smart_lighting: 0.1701",6.95,0.05348457762480235,0.9715477824211121,10540,0.056214209908278356,0.9829659461975098,7982,0.047046907221872034,0.9498141407966614,8606,0.04284914552265973,0.9881289005279541,7074,0.039769100859249014,0.9817456007003784,7011
8,0.9725773397091831,0.8472732961537076,0.9707250394856749,0.9742530127106395,0.9725773397091831,0.05659288913011551,0.9677589654922485,0.044281329120564095,41213,Sample-Weighted FedAvg,"camera: 0.2557, router: 0.1937, sensor: 0.2088, door_lock: 0.1716, smart_lighting: 0.1701",6.63,0.05266485637799612,0.9715477824211121,10540,0.0489947779313667,0.9438877701759338,7982,0.041740529164723844,0.9512081742286682,8606,0.04040639966427185,0.9886941909790039,7074,0.03760008246446196,0.9834569096565247,7011
9,0.970137601249146,0.8418363017906608,0.9676455764781934,0.9719791731436087,0.970137601249146,0.06337488442659378,0.9605920910835266,0.040822473266400636,41213,Sample-Weighted FedAvg,"camera: 0.2557, router: 0.1937, sensor: 0.2088, door_lock: 0.1716, smart_lighting: 0.1701",6.16,0.04719477487583088,0.9753414392471313,10540,0.04451221734984488,0.9318637251853943,7982,0.039915458867363175,0.9298326969146729,8606,0.036633203959933504,0.9836065769195557,7074,0.03585671127903072,0.9823160171508789,7011
10,0.970137601249146,0.8404000950742821,0.9677184092104207,0.9719597195295708,0.970137601249146,0.0692824274301529,0.9574128746986389,0.03858146937875272,41213,Sample-Weighted FedAvg,"camera: 0.2557, router: 0.1937, sensor: 0.2088, door_lock: 0.1716, smart_lighting: 0.1701",6.45,0.0457160411794905,0.9757207632064819,10540,0.04139691115532232,0.9273546934127808,7982,0.0368888148167453,0.9214683771133423,8606,0.03559792182438027,0.9813454151153564,7074,0.03330765791782519,0.9811751246452332,7011
